qid	text
0	What should I do if I entered the wrong pickup verification code at a Hive Box locker?
1	Why is there still a layer of belly fat after giving birth?
2	How do university students select dormitories online?
3	How can I tell whether fish eggs are alive?
4	Is choline important?
5	Why is it wrong to say that the costal arch is formed by the seventh through tenth pairs of ribs joining in sequence?
6	Introduction to the Decepticon characters
7	Can a junior college upgrade program choose a secondary vocational school major?
8	Which countries are the main sources of cod imported by China?
9	What are the effects and uses of Guiling tablets?
10	Profile of Meina from Tencent Sports
12	Why does a network bullet camera show a light but no signal?
13	What number does the Chinese dragon represent?
14	How do you make a heart shape with a long balloon?
15	What should I do if I did not use up the balance on a Xi'an Fayuan Di card?
17	A mother accidentally hit and killed her own child while reversing
18	Which ancient poem contains the line about not returning until Loulan is conquered?
20	Ranking of famous baijiu brands from northeast China
21	Introduction to the girls department of a student union
22	When was Chongqing, formerly called Yuzhou, renamed Chongqing?
